Date/Time,CPU Usage %,Memory Available
2022-04-03 12:42:48.005785,3.3,20.60164261
2022-04-03 12:42:58.704594,3.3,20.73511505
2022-04-03 12:43:09.351267,12.4,21.44223022
2022-04-03 12:43:19.971258,7.9,22.48750687
2022-04-03 12:43:30.644363,5.7,22.5006485
2022-04-03 12:43:41.277928,7.4,22.32141876
2022-04-03 12:43:51.950075,4.3,22.33652115
2022-04-03 12:44:02.531772,3,22.39130783
2022-04-03 12:44:13.117177,4,22.39387894
2022-04-03 12:44:23.611935,5.8,22.39031982
2022-04-03 12:44:34.221248,7.3,22.08716965
2022-04-03 12:44:44.765950,2.7,22.10110474
2022-04-03 12:44:55.269245,1.9,22.10951614
2022-04-03 12:45:05.837289,4,22.10471344
2022-04-03 12:45:16.277913,2.4,22.13550186
2022-04-03 12:45:26.793894,3.5,22.15554047
2022-04-03 12:45:37.198035,2.6,22.13934708
2022-04-03 12:45:47.774580,2.7,22.13104248
2022-04-03 12:45:58.304575,3.3,22.05641174
2022-04-03 12:46:08.724599,1.8,22.05794907
2022-04-03 12:46:19.366809,1.8,22.05081558
2022-04-03 12:46:29.869606,4.8,21.88508606
2022-04-03 12:46:40.334573,5.4,21.85380936
2022-04-03 12:46:50.900619,4.2,21.92710495
2022-04-03 12:47:01.414588,2.2,21.94866943
2022-04-03 12:47:11.919837,1.6,21.94959259
2022-04-03 12:47:22.477899,2.1,21.94735718
2022-04-03 12:47:32.924564,1.8,21.95393753
2022-04-03 12:47:43.643866,2.1,21.94303513
2022-04-03 12:47:54.219229,2,21.99554062
2022-04-03 12:48:04.754564,1.3,21.99426651
2022-04-03 12:48:15.168819,1.5,22.00510406
2022-04-03 12:48:25.661227,2.3,22.01154709
2022-04-03 12:48:36.187902,1.3,22.01117706
2022-04-03 12:48:46.581294,2.2,21.98967743
2022-04-03 12:48:57.093286,1.2,21.9888916
2022-04-03 12:49:07.500118,2.3,21.98222351
2022-04-03 12:49:17.977919,2.2,21.98538208
2022-04-03 12:49:28.381228,2.1,21.98389816
2022-04-03 12:49:38.794559,1.4,21.97996902
2022-04-03 12:49:49.375350,2.3,21.97509003
2022-04-03 12:49:59.882048,2.2,21.97113037
2022-04-03 12:50:10.288554,2.3,21.97243118
2022-04-03 12:50:20.794547,2.3,21.97935867
2022-04-03 12:50:31.386419,2.1,21.97591782
2022-04-03 12:50:41.797883,2.3,21.97588348
2022-04-03 12:50:52.194552,2.5,22.01988983
2022-04-03 12:51:02.627880,1.7,22.01927567
2022-04-03 12:51:13.024569,1,22.02735519
2022-04-03 12:51:23.551810,1,22.0327301
2022-04-03 12:51:34.072683,1.6,22.00979614
2022-04-03 12:51:44.497870,1.2,22.03002167
2022-04-03 12:51:55.104548,1.7,22.01916885
2022-04-03 12:52:05.576492,0.8,22.015522
2022-04-03 12:52:15.987874,1.9,22.01012802
2022-04-03 12:52:26.557914,1.3,22.01370621
2022-04-03 12:52:37.053027,1.4,22.01390457
2022-04-03 12:52:47.699987,1.4,22.02457809
2022-04-03 12:52:58.214554,1.2,22.02852249
2022-04-03 12:53:08.643122,0.9,22.02902222
2022-04-03 12:53:19.130835,1,22.02595901
2022-04-03 12:53:29.596966,1,22.02606964
2022-04-03 12:53:39.991202,1,22.01609802
2022-04-03 12:53:50.459744,1,22.02287674
2022-04-03 12:54:00.947880,1,22.02295303
2022-04-03 12:54:11.397384,1.2,22.02380371
2022-04-03 12:54:21.795759,1.6,22.01332855
2022-04-03 12:54:32.314249,1,22.01681519
2022-04-03 12:54:42.784566,1.4,22.01472473
2022-04-03 12:54:53.333754,2.6,22.00320435
2022-04-03 12:55:03.764351,1.9,21.99821854
2022-04-03 12:55:14.244532,2,21.99394226
2022-04-03 12:55:24.650390,3,21.99014664
2022-04-03 12:55:35.094529,5.9,21.852108
2022-04-03 12:55:45.511184,4.6,21.8744812
2022-04-03 12:55:56.428542,2.9,21.93853378
2022-04-03 12:56:06.818844,2.9,21.94259644
2022-04-03 12:56:17.248639,3.8,21.95061111
2022-04-03 12:56:27.741200,4.1,21.95223999
2022-04-03 12:56:38.171179,4,21.95126724
2022-04-03 12:56:48.594531,4.1,21.94800186
2022-04-03 12:56:58.996103,4.8,21.95568085
2022-04-03 12:57:09.417873,3.7,21.96001816
2022-04-03 12:57:19.847846,3.4,21.96544266
2022-04-03 12:57:30.283467,3.3,21.9684639
2022-04-03 12:57:40.684095,3.3,21.97079468
2022-04-03 12:57:51.371193,4.1,21.94609451
2022-04-03 12:58:01.809939,3.3,21.95354462
2022-04-03 12:58:12.244451,3.3,21.95519638
2022-04-03 12:58:22.649027,3.3,21.95501709
2022-04-03 12:58:33.087829,3.4,21.95166779
2022-04-03 12:58:43.624516,3.5,21.94298935
2022-04-03 12:58:54.111709,3.5,21.95558929
2022-04-03 12:59:04.585445,3.6,21.95362854
2022-04-03 12:59:14.991732,3.4,21.9512291
2022-04-03 12:59:25.428130,3.4,21.95007324
2022-04-03 12:59:35.921183,3.3,21.95143509
2022-04-03 12:59:46.366904,3.6,21.95149231
2022-04-03 12:59:56.847849,3.4,21.9587326
2022-04-03 13:00:07.263956,3.5,21.95911026
2022-04-03 13:00:17.699518,3.5,21.95718002
2022-04-03 13:00:28.163602,3.6,21.95061493
2022-04-03 13:00:38.591711,3.6,21.94393539
2022-04-03 13:00:49.011151,4.4,21.92932892
2022-04-03 13:00:59.580057,3.5,21.93537903
2022-04-03 13:01:09.997841,3.6,21.94960785
2022-04-03 13:01:20.384509,3.5,21.94861603
2022-04-03 13:01:30.871170,4.6,21.91904449
2022-04-03 13:01:41.343177,3.5,21.92382431
2022-04-03 13:01:51.763978,3.7,21.92669678
2022-04-03 13:02:02.192391,3.2,21.9413414
2022-04-03 13:02:12.694498,3.6,21.95055771
2022-04-03 13:02:23.116343,3.7,21.9375267
2022-04-03 13:02:33.581143,6.8,21.82555008
2022-04-03 13:02:43.992710,5.7,21.86252594
2022-04-03 13:02:54.575177,7,21.75502777
2022-04-03 13:03:05.004527,5.9,21.78303146
2022-04-03 13:03:15.468957,2.4,21.81144333
2022-04-03 13:03:25.890961,2.5,21.83639526
2022-04-03 13:03:36.293239,3.3,21.81691742
2022-04-03 13:03:46.734196,12,21.48868179
2022-04-03 13:03:57.291128,12.8,21.41419983
2022-04-03 13:04:07.698295,13.1,21.34181595
2022-04-03 13:04:18.114477,14.5,21.35432816
2022-04-03 13:04:28.601132,13.9,21.37641144
2022-04-03 13:04:39.064463,14.8,21.40922928
2022-04-03 13:04:49.489024,12,21.3428421
2022-04-03 13:04:59.884459,7.8,21.36122894
2022-04-03 13:05:10.294473,7.5,21.35489655
2022-04-03 13:05:20.794459,6.5,21.37654495
2022-04-03 13:05:31.274460,6.1,21.38179016
2022-04-03 13:05:41.691132,6.8,21.39381027
2022-04-03 13:05:52.107782,7.4,21.35025406
2022-04-03 13:06:02.577797,9.2,21.31859589
2022-04-03 13:06:12.978046,10.4,21.3311615
2022-04-03 13:06:23.541130,10.4,21.36685181
2022-04-03 13:06:34.054452,10.9,21.35876846
2022-04-03 13:06:44.454462,10.1,21.35455322
2022-04-03 13:06:54.871124,10.3,21.36740875
2022-04-03 13:07:05.307790,9.4,21.36251831
2022-04-03 13:07:15.691113,9.8,21.35338974
2022-04-03 13:07:26.091111,10.6,21.34784698
2022-04-03 13:07:36.516693,10.9,21.35726166
2022-04-03 13:07:47.064457,9.9,21.33975601
2022-04-03 13:07:57.632433,11.8,21.32309341
2022-04-03 13:08:08.087781,9.7,21.32401657
2022-04-03 13:08:18.487777,10.5,21.30869675
2022-04-03 13:08:28.884445,10.1,21.31403732
2022-04-03 13:08:39.363370,9.7,21.29641724
2022-04-03 13:08:49.777791,9.8,21.29747772
2022-04-03 13:09:00.264444,8.9,21.29966354
2022-04-03 13:09:10.701122,9.7,21.28887177
2022-04-03 13:09:21.251117,9.7,21.30284882
2022-04-03 13:09:31.829046,9.5,21.29542923
2022-04-03 13:09:42.361114,9.3,21.29792023
2022-04-03 13:09:52.824451,9.6,21.27958298
2022-04-03 13:10:03.274450,9,21.30350876
2022-04-03 13:10:13.781399,9.1,21.28902435
2022-04-03 13:10:24.204548,7.7,21.30155945
2022-04-03 13:10:34.617983,8.7,21.28759384
2022-04-03 13:10:45.004453,9.3,21.29174042
2022-04-03 13:10:55.411098,9.5,21.28756332
2022-04-03 13:11:05.817767,10.2,21.29721069
2022-04-03 13:11:16.234435,9.2,21.2969017
2022-04-03 13:11:26.654751,9.3,21.29893494
2022-04-03 13:11:37.171097,10.6,21.21880341
2022-04-03 13:11:47.584497,8.9,21.20593262
2022-04-03 13:11:58.005046,9.4,21.21250916
2022-04-03 13:12:08.421112,8,21.21089172
2022-04-03 13:12:18.837759,9.8,21.21756363
2022-04-03 13:12:29.245077,10.4,21.22190094
2022-04-03 13:12:39.664425,9.8,21.20523453
2022-04-03 13:12:50.121090,10.3,21.19843674
2022-04-03 13:13:00.724424,9.2,21.2095871
2022-04-03 13:13:11.197756,8.6,21.21297073
2022-04-03 13:13:21.757760,8.8,21.22934723
2022-04-03 13:13:32.177750,8.5,21.22318649
2022-04-03 13:13:42.581081,9.3,21.20634842
2022-04-03 13:13:53.089168,8.7,21.21561813
2022-04-03 13:14:03.494412,8.7,21.20284653
2022-04-03 13:14:14.003669,9.6,21.19859314
2022-04-03 13:14:24.434402,8.3,21.20081329
2022-04-03 13:14:34.847738,10,21.19895554
2022-04-03 13:14:45.347739,9.7,21.20135117
2022-04-03 13:14:55.934422,11.3,21.09062576
2022-04-03 13:15:06.387739,15.1,21.07830811
2022-04-03 13:15:16.877742,13.7,20.95822525
2022-04-03 13:15:27.317736,9.1,20.9938736
2022-04-03 13:15:37.774414,10.2,20.99965668
2022-04-03 13:15:48.187732,11.4,21.0100174
2022-04-03 13:15:58.671161,11.1,20.97730255
2022-04-03 13:16:09.101061,9.4,20.97887039
2022-04-03 13:16:19.501071,11.5,20.99806213
2022-04-03 13:16:29.964302,10.1,20.99611282
2022-04-03 13:16:40.424388,10.7,21.00157547
2022-04-03 13:16:50.848357,12.1,20.98266983
2022-04-03 13:17:01.287725,10.6,20.96740723
2022-04-03 13:17:11.773206,10.2,20.95903015
2022-04-03 13:17:22.187721,10.3,20.96070862
2022-04-03 13:17:32.617726,14.8,20.87388229
2022-04-03 13:17:43.057726,12.4,20.8432045
2022-04-03 13:17:53.467727,13.1,20.74692917
2022-04-03 13:18:04.050569,14.4,20.77866364
2022-04-03 13:18:14.464382,13,20.81129456
2022-04-03 13:18:24.911112,13.4,20.79920197
2022-04-03 13:18:35.317717,10.2,20.82382202
2022-04-03 13:18:45.717718,11.1,20.82219315
2022-04-03 13:18:56.171053,15.1,20.7119751
2022-04-03 13:19:06.597715,11.1,20.69322586
2022-04-03 13:19:17.034389,13.5,20.6769104
2022-04-03 13:19:27.487711,12.4,20.63905716
2022-04-03 13:19:37.894386,10.1,20.69779205
2022-04-03 13:19:48.384381,10.5,20.6865921
2022-04-03 13:19:58.787709,18.1,20.5537529
2022-04-03 13:20:09.314372,16.5,20.43444824
2022-04-03 13:20:19.721037,14.1,20.44082642
2022-04-03 13:20:30.144381,15.2,20.44050598
2022-04-03 13:20:40.591068,14.4,20.4920311
2022-04-03 13:20:50.991038,11.3,20.52154541
2022-04-03 13:21:01.434363,13,20.41890335
2022-04-03 13:21:11.981040,13.8,20.43040848
2022-04-03 13:21:22.431030,17,20.42425919
2022-04-03 13:21:32.967706,9.9,20.67141724
2022-04-03 13:21:43.447720,11.6,20.61487961
2022-04-03 13:21:53.855541,7.5,20.60593414
2022-04-03 13:22:04.321037,6.9,20.62108612
2022-04-03 13:22:14.764363,6.7,20.62467194
2022-04-03 13:22:25.195299,6.8,20.60549927
2022-04-03 13:22:35.617697,7.1,20.62349701
2022-04-03 13:22:46.114424,6.7,20.62944794
2022-04-03 13:22:56.530486,6.7,20.62487411
2022-04-03 13:23:07.061542,7.1,20.61763382
2022-04-03 13:23:17.497682,6.6,20.62279129
2022-04-03 13:23:27.994362,6.5,20.62737656
2022-04-03 13:23:38.437586,6.9,20.62189102
2022-04-03 13:23:48.847694,6.2,20.60353851
2022-04-03 13:23:59.287690,6.3,20.62374878
2022-04-03 13:24:09.781420,6.9,20.61425781
2022-04-03 13:24:20.224344,6.7,20.62703705
2022-04-03 13:24:30.694356,7,20.61611557
2022-04-03 13:24:41.079495,6.9,20.61458969
2022-04-03 13:24:51.570654,6.8,20.61614609
2022-04-03 13:25:01.981015,7.6,20.61518097
2022-04-03 13:25:12.397670,6.6,20.60843277
2022-04-03 13:25:22.877686,6.3,20.6124115
2022-04-03 13:25:33.284344,6.6,20.61306
2022-04-03 13:25:43.737667,6.8,20.60418701
2022-04-03 13:25:54.124334,6.4,20.6018486
2022-04-03 13:26:04.545191,6.4,20.60068893
2022-04-03 13:26:14.964329,7.6,20.61347961
2022-04-03 13:26:25.367668,8.1,20.61721039
2022-04-03 13:26:35.810071,6.6,20.59421158
2022-04-03 13:26:46.241007,6.7,20.59014511
2022-04-03 13:26:56.664344,6.5,20.60049438
2022-04-03 13:27:07.072837,6.6,20.60531616
2022-04-03 13:27:17.467667,6.3,20.60190201
2022-04-03 13:27:27.884981,6.4,20.60787201
2022-04-03 13:27:38.364330,6.4,20.58640671
2022-04-03 13:27:48.780790,6.7,20.60546875
2022-04-03 13:27:59.181000,6.5,20.59479141
2022-04-03 13:28:09.800995,5.7,20.59302902
2022-04-03 13:28:20.274327,6.2,20.59263229
2022-04-03 13:28:30.684333,5.6,20.59380722
2022-04-03 13:28:41.177665,6,20.59624481
2022-04-03 13:28:51.667662,5.8,20.60624313
2022-04-03 13:29:02.084340,6.1,20.59938431
2022-04-03 13:29:12.481765,6.5,20.59828186
2022-04-03 13:29:22.903155,5.9,20.59906006
2022-04-03 13:29:33.324321,5.7,20.60102463
2022-04-03 13:29:43.783400,6.2,20.59160995
2022-04-03 13:29:54.264750,5.6,20.58596039
2022-04-03 13:30:04.688954,5.5,20.58687592
2022-04-03 13:30:15.140988,6.3,20.58665466
2022-04-03 13:30:25.582460,5.4,20.58074951
2022-04-03 13:30:36.164312,5.7,20.57990646
2022-04-03 13:30:46.574307,5.3,20.57740784
2022-04-03 13:30:57.057645,5.3,20.5788002
2022-04-03 13:31:07.507643,5.6,20.57556534
2022-04-03 13:31:18.030645,6.3,20.57283783
2022-04-03 13:31:28.447645,5.4,20.57898331
2022-04-03 13:31:38.880979,5.3,20.57584381
2022-04-03 13:31:49.293715,5,20.57587814
2022-04-03 13:31:59.698628,5.3,20.54550934
2022-04-03 13:32:10.111503,5.2,20.54362488
2022-04-03 13:32:20.534305,6.4,20.50418472
2022-04-03 13:32:30.940985,10.8,20.54837418
2022-04-03 13:32:41.365194,13.5,20.50239563
2022-04-03 13:32:51.797412,18.6,20.46790695
2022-04-03 13:33:02.204287,16.6,20.5018692
2022-04-03 13:33:12.814298,17.1,20.29239273
2022-04-03 13:33:23.276843,19,20.48305893
2022-04-03 13:33:33.770955,14.1,20.55805206
2022-04-03 13:33:44.202715,13.8,20.55037689
2022-04-03 13:33:54.647619,13.2,20.54598236
2022-04-03 13:34:05.094284,13.1,20.52289581
2022-04-03 13:34:15.574287,11.9,20.53726196
2022-04-03 13:34:26.034283,12.4,20.55467987
2022-04-03 13:34:36.457645,11.9,20.57553864
2022-04-03 13:34:46.905923,11.8,20.56941986
2022-04-03 13:34:57.315383,11.9,20.57353973
2022-04-03 13:35:07.764301,11.9,20.56999969
2022-04-03 13:35:18.180972,11.9,20.56736374
2022-04-03 13:35:28.666044,12.1,20.57153702
2022-04-03 13:35:39.259377,12,20.57138062
2022-04-03 13:35:49.685061,11.8,20.56472015
2022-04-03 13:36:00.134273,12.3,20.563694
2022-04-03 13:36:10.592310,12.5,20.56023788
2022-04-03 13:36:21.007614,11.8,20.54689789
2022-04-03 13:36:31.492780,12.7,20.55890656
2022-04-03 13:36:41.967602,12.4,20.56193924
2022-04-03 13:36:52.384777,12.2,20.55572891
2022-04-03 13:37:02.867602,12.6,20.55305862
2022-04-03 13:37:13.320954,12.2,20.55134964
2022-04-03 13:37:23.774304,12.4,20.55190659
2022-04-03 13:37:34.184262,12.5,20.54986954
2022-04-03 13:37:44.590934,12.5,20.54959106
2022-04-03 13:37:55.007592,12.2,20.57455063
2022-04-03 13:38:05.464259,12.3,20.57143784
2022-04-03 13:38:16.077611,12.3,20.56613159
2022-04-03 13:38:26.542466,12.9,20.63171768
2022-04-03 13:38:37.049236,12.3,20.61942673
2022-04-03 13:38:47.474259,12.3,20.62287903
2022-04-03 13:38:57.887586,12.5,20.62047958
2022-04-03 13:39:08.297333,13.3,20.62297821
2022-04-03 13:39:18.697588,12.9,20.61843491
2022-04-03 13:39:29.167583,12.8,20.62530899
2022-04-03 13:39:39.667609,13,20.61848831
2022-04-03 13:39:50.098843,12.9,20.62602615
2022-04-03 13:40:00.517592,12.9,20.63101959
2022-04-03 13:40:10.977116,13,20.61444855
2022-04-03 13:40:21.384247,12.9,20.61084747
2022-04-03 13:40:31.840913,13.2,20.61667252
2022-04-03 13:40:42.254252,14,20.61376953
2022-04-03 13:40:52.670908,14.5,20.61657333
2022-04-03 13:41:03.091695,15.3,20.61728287
2022-04-03 13:41:13.554555,15.4,20.6095314
2022-04-03 13:41:24.037585,15.1,20.60559464
2022-04-03 13:41:34.457572,15.3,20.58047104
2022-04-03 13:41:44.897575,14.7,20.57423019
2022-04-03 13:41:55.304244,14.7,20.56887054
2022-04-03 13:42:05.748911,14.3,20.58323669
2022-04-03 13:42:16.200913,14.3,20.57987595
2022-04-03 13:42:26.737572,14.4,20.60083008
2022-04-03 13:42:37.180903,14.5,20.58745575
2022-04-03 13:42:47.720902,12.8,20.57933044
2022-04-03 13:42:58.359401,14.5,20.58599091
2022-04-03 13:43:09.030897,14.5,20.5908432
2022-04-03 13:43:19.777561,14.4,20.59452057
2022-04-03 13:43:30.417561,14.5,20.59800339
2022-04-03 13:43:41.040893,14.7,20.5766449
2022-04-03 13:43:51.577568,14.3,20.58471298
2022-04-03 13:44:02.166584,13.8,20.54545593
2022-04-03 13:44:12.830889,13.5,20.54361725
2022-04-03 13:44:23.490890,12.9,20.55344772
2022-04-03 13:44:34.078181,12.5,20.54285049
2022-04-03 13:44:44.647548,14,20.54364014
2022-04-03 13:44:55.216982,13.2,20.54497147
2022-04-03 13:45:05.684220,13.6,20.54093552
2022-04-03 13:45:16.194222,13.4,20.54488373
2022-04-03 13:45:26.590881,13.3,20.54611206
2022-04-03 13:45:37.094218,13.4,20.54140854
2022-04-03 13:45:47.614222,13.4,20.54524994
2022-04-03 13:45:58.266455,13.3,20.54916763
2022-04-03 13:46:08.887544,14,20.5418129
2022-04-03 13:46:19.437412,13.3,20.5462532
2022-04-03 13:46:29.948575,13.9,20.54047775
2022-04-03 13:46:40.548432,13.6,20.53520966
2022-04-03 13:46:51.131077,13.7,20.53674316
2022-04-03 13:47:01.626942,12.4,20.52361679
2022-04-03 13:47:12.294206,11.9,20.55416107
2022-04-03 13:47:22.672655,13.9,20.54581833
2022-04-03 13:47:33.160314,12.2,20.53227615
2022-04-03 13:47:43.640874,11.2,20.52697372
2022-04-03 13:47:54.069537,13,20.54185867
2022-04-03 13:48:04.487541,13.8,20.53347778
2022-04-03 13:48:14.980880,13.9,20.5374794
2022-04-03 13:48:25.568955,14.6,20.528965
2022-04-03 13:48:36.069560,14.2,20.52748489
2022-04-03 13:48:46.473455,14.6,20.51853561
2022-04-03 14:05:12.473448,6.5,20.47942734
2022-04-03 14:05:23.227469,1.8,20.45987701
2022-04-03 14:05:33.872482,1.1,20.47385025
2022-04-03 14:05:44.557462,1.2,20.4785881
2022-04-03 14:05:55.227581,0.9,20.47823334
2022-04-03 14:06:05.820423,1,20.48093414
2022-04-03 14:06:16.463183,1,20.48503876
2022-04-03 14:06:27.144462,1,20.48411942
2022-04-03 14:06:37.658076,1.2,20.47173309
2022-04-03 14:06:48.245773,1.3,20.46920013
2022-04-03 14:06:58.878142,1,20.47241974
2022-04-03 14:07:09.534513,1,20.47275925
2022-04-03 14:07:20.170761,1,20.47835541
2022-04-03 14:07:30.819173,0.9,20.47443008
2022-04-03 14:07:41.260743,1.2,20.47334671
2022-04-03 14:07:51.859294,1,20.47150803
2022-04-03 14:08:02.290505,1,20.4711113
2022-04-03 14:08:12.881227,1,20.46935654
2022-04-03 14:08:23.381711,1.7,20.45758438
2022-04-03 14:08:33.918110,0.9,20.46789169
2022-04-03 14:08:44.463853,1.3,20.4643631
2022-04-03 14:08:54.967441,1.4,20.46573639
2022-04-03 14:09:05.475844,1.2,20.46311188
2022-04-03 14:09:15.981192,1,20.46602631
2022-04-03 14:09:26.396246,1.1,20.47167969
2022-04-03 14:09:36.959661,1.1,20.46289444
2022-04-03 14:09:47.558386,1.1,20.47542572
2022-04-03 14:09:58.096844,1,20.47015762
2022-04-03 14:10:08.662048,2.4,20.40656662
2022-04-03 14:10:19.270746,5.2,20.42561722
2022-04-03 14:10:29.857403,4.4,20.91179276
2022-04-03 14:10:40.307397,6.9,20.9326973
2022-04-03 14:10:50.787401,5.4,20.96160889
2022-04-03 14:11:01.417398,5.2,20.95385361
2022-04-03 14:11:11.874076,3.9,20.94748306
2022-04-03 14:11:22.384889,4.8,20.95248795
2022-04-03 14:11:32.820738,4.3,20.91942215
2022-04-03 14:11:43.250594,4.5,20.96489716
2022-04-03 14:11:53.854067,4.3,20.97170258
2022-04-03 14:12:04.356043,4.1,20.96652985
2022-04-03 14:12:14.791535,3.7,20.97146225
2022-04-03 14:12:25.297408,3.8,20.96733856
2022-04-03 14:12:35.735633,7.2,20.89023972
2022-04-03 14:12:46.206066,4.8,20.88238144
2022-04-03 14:12:56.604050,4.2,20.88474655
2022-04-03 14:13:07.047913,4,20.88177109
2022-04-03 14:13:17.554083,4.5,20.89126205
2022-04-03 14:13:27.974051,8.5,20.9344101
2022-04-03 14:13:38.420721,7.3,20.85879517
2022-04-03 14:13:48.953730,17.4,20.44311142
2022-04-03 14:13:59.457386,13.9,20.25999451
2022-04-03 14:14:09.990721,13.1,20.00711441
2022-04-03 14:14:20.477385,11.3,19.98886108
2022-04-03 14:14:30.907381,9,20.01737595
2022-04-03 14:14:41.330719,9.8,20.00608826
2022-04-03 14:14:51.940710,10.4,19.98618317
2022-04-03 14:15:02.447387,13.7,19.95312119
2022-04-03 14:15:12.877382,13.1,20.01006699
2022-04-03 14:15:23.340709,12.5,19.98625183
2022-04-03 14:15:33.818851,9.6,19.87730408
2022-04-03 14:15:44.241695,13.4,19.87927246
2022-04-03 14:15:54.740702,11.3,19.9264183
2022-04-03 14:16:05.287362,12,19.89326477
2022-04-03 14:16:15.724036,10.1,19.89351654
2022-04-03 14:16:26.207374,9,19.90312195
2022-04-03 14:16:36.674033,7.9,19.90774918
2022-04-03 14:16:47.180707,12.7,19.79117966
2022-04-03 14:16:57.594038,8.1,19.8274231
2022-04-03 14:17:08.104034,10.8,19.85112381
2022-04-03 14:17:18.560231,8.4,19.89063263
2022-04-03 14:17:29.037358,7.2,19.90427399
2022-04-03 14:17:39.477368,9.2,19.88987732
2022-04-03 14:17:50.051921,6.3,19.91596222
2022-04-03 14:18:00.474034,7.5,19.92986679
2022-04-03 14:18:10.957362,6,19.96133804
2022-04-03 14:18:21.487755,5.6,19.96112442
2022-04-03 14:18:31.927355,5.9,19.9602356
2022-04-03 14:18:42.354025,9.4,19.97337341
2022-04-03 14:18:52.910690,12.2,19.97657776
2022-04-03 14:19:03.374036,9,20.01180267
2022-04-03 14:19:13.790698,10.5,19.98999405
2022-04-03 14:19:24.194012,12.5,19.9430542
2022-04-03 14:19:34.604025,8.5,19.9613533
2022-04-03 14:19:45.127353,12.2,19.92657852
2022-04-03 14:19:55.700710,7.9,19.93499756
2022-04-03 14:20:06.127144,11.4,19.92760849
2022-04-03 14:20:16.624012,9.1,19.91268539
2022-04-03 14:20:27.084024,11.5,19.89508438
2022-04-03 14:20:37.614016,9.5,19.89506912
2022-04-03 14:20:48.077346,12.6,20.30569458
2022-04-03 14:20:58.497331,9.7,20.50481415
2022-04-03 14:21:08.947345,4.7,20.51472473
2022-04-03 14:21:19.356318,4.7,20.50239944
2022-04-03 14:21:29.850695,4.6,20.51147461
2022-04-03 14:21:40.350692,4.3,20.50917816
2022-04-03 14:21:50.784223,4.2,20.52832794
2022-04-03 14:22:01.340660,4.2,20.52972794
2022-04-03 14:22:11.810672,4.1,20.5245285
2022-04-03 14:22:22.247341,3.5,20.52596283
2022-04-03 14:22:32.684338,3.9,20.53232193
2022-04-03 14:22:43.123996,3.8,20.52001953
2022-04-03 14:22:53.557341,3.7,20.53231812
2022-04-03 14:23:03.974160,4.2,20.49997711
2022-04-03 14:23:14.423996,3.8,20.52776718
2022-04-03 14:23:24.841031,4.1,20.53232574
2022-04-03 14:23:35.300515,3.5,20.52651978
2022-04-03 14:23:45.780661,3.7,20.51993942
2022-04-03 14:23:56.224448,4.8,20.52613449
2022-04-03 14:24:06.651149,4.1,20.51993561
2022-04-03 14:24:17.127326,3.4,20.51177597
2022-04-03 14:24:27.683990,3.6,20.52399445
2022-04-03 14:24:38.097322,3.9,20.52606964
2022-04-03 14:24:48.600653,3.6,20.52911377
2022-04-03 14:24:59.181743,3.4,20.52487183
2022-04-03 14:25:09.627640,3.5,20.50925446
2022-04-03 14:25:20.050995,3.3,20.51870728
2022-04-03 14:25:30.560644,3.2,20.52542877
2022-04-03 14:25:41.033973,3.4,20.51360703
2022-04-03 14:25:51.677308,4.4,20.51533127
2022-04-03 14:26:02.103979,3.4,20.52206421
2022-04-03 14:26:12.510652,4.4,20.50092697
2022-04-03 14:26:22.953976,9.4,20.36143112
2022-04-03 14:26:33.393977,7.4,20.34347916
2022-04-03 14:26:43.920642,4.7,20.36776733
2022-04-03 14:26:54.378834,2.7,20.3768692
2022-04-03 14:27:04.830641,8.6,20.26490021
2022-04-03 14:27:15.310653,7.7,20.16033936
2022-04-03 14:27:25.763975,7.5,20.22685242
2022-04-03 14:27:36.230661,4.6,20.27254868
2022-04-03 14:27:46.763743,5.1,20.20861053
2022-04-03 14:27:57.280626,7,20.15879822
2022-04-03 14:28:07.687301,44.6,19.27584076
2022-04-03 14:28:18.137300,14.4,20.22136307
2022-04-03 14:28:28.554847,13.1,20.20618057
2022-04-03 14:28:38.973965,10.3,19.95764923
2022-04-03 14:28:49.417285,9,19.92739105
2022-04-03 14:28:59.920625,5.7,19.92738724
2022-04-03 14:29:10.400621,6.5,20.1962204
2022-04-03 14:29:20.977307,6,20.240345
2022-04-03 14:29:31.535313,6.7,20.19546127
2022-04-03 14:29:42.017283,7.2,20.21285629
2022-04-03 14:29:52.510628,8.4,20.24460983
2022-04-03 14:30:03.169804,10.8,19.9204483
2022-04-03 14:46:23.784749,7.6,18.9026413
2022-04-03 14:46:34.547192,7.2,18.88545609
2022-04-03 14:46:45.183982,6.6,18.86159515
2022-04-03 14:46:55.743876,6.8,18.86136627
2022-04-03 14:47:06.348515,6.6,18.87105179
2022-04-03 14:47:16.893850,6.8,18.8803215
2022-04-03 14:47:27.540512,7.5,18.87808609
2022-04-03 14:47:38.146914,7.1,18.85238647
2022-04-03 14:47:48.617169,7.9,18.84731674
2022-04-03 14:47:59.096381,6.7,18.86195374
2022-04-03 14:48:09.663342,6.9,18.86855316
2022-04-03 14:48:20.087178,6.7,18.86380768
2022-04-03 14:48:30.637178,7.1,18.88127899
2022-04-03 14:48:41.153845,8.1,18.87410355
2022-04-03 14:48:51.757173,7.9,18.86854935
2022-04-03 14:49:02.360503,7.8,18.86158752
2022-04-03 14:49:12.778150,8.1,18.82074738
2022-04-03 14:49:23.260977,7.4,18.86555099
2022-04-03 14:49:33.740503,7.3,18.86132813
2022-04-03 14:49:44.173841,7.4,18.87245941
2022-04-03 14:49:54.583829,6.6,18.8711586
2022-04-03 14:50:05.083957,7.1,18.86196899
2022-04-03 14:50:15.491842,9,18.86094666
2022-04-03 14:50:25.987191,8.1,18.86565781
2022-04-03 14:50:36.467180,7,18.8645401
2022-04-03 14:50:46.892481,6.6,18.85585022
2022-04-03 14:50:57.510515,6.8,18.85663986
2022-04-03 14:51:08.000498,6.9,18.85115814
2022-04-03 14:51:18.389759,6.6,18.84477615
2022-04-03 14:51:28.810502,7.7,18.85895538
2022-04-03 14:51:39.433814,7.8,18.86782455
2022-04-03 14:51:49.875216,7.4,18.85890198
2022-04-03 14:52:00.283818,8.5,18.85385895
2022-04-03 14:52:10.737149,6.7,18.84529114
2022-04-03 14:52:21.263231,6.4,18.8585701
2022-04-03 14:52:31.707162,7.3,18.85592651
2022-04-03 14:52:42.259887,6.6,18.85910034
2022-04-03 14:52:52.737154,5.9,18.86068726
2022-04-03 14:53:03.209655,8.6,18.85026169
2022-04-03 14:53:13.613812,7.1,18.85598755
2022-04-03 14:53:24.087144,6.3,18.860672
2022-04-03 14:53:34.553821,6.6,18.84630966
2022-04-03 14:53:45.130484,7,18.843853
2022-04-03 14:53:55.563812,6.2,18.83592224
2022-04-03 14:54:05.960488,6.5,18.83177948
2022-04-03 14:54:16.450477,6.5,18.84114075
2022-04-03 14:54:26.885472,7.5,18.85325241
2022-04-03 14:54:37.290473,6.8,18.84367752
2022-04-03 14:54:47.693803,6.7,18.84902954
2022-04-03 14:54:58.107144,6.6,18.85025024
2022-04-03 14:55:08.547142,6.5,18.86968613
2022-04-03 14:55:18.987142,6.4,18.84703827
2022-04-03 14:55:29.393806,6.2,18.85526276
2022-04-03 14:55:39.889463,7,18.83993149
2022-04-03 14:55:50.301608,8,18.83327866
2022-04-03 14:56:00.704708,7,18.85654831
2022-04-03 14:56:11.189769,7,18.84947586
2022-04-03 14:56:21.652223,6.6,18.83998871
2022-04-03 14:56:32.130215,6.3,18.8555336
2022-04-03 14:56:42.700459,8.4,18.85844803
2022-04-03 14:56:53.123792,7.7,18.85982132
2022-04-03 14:57:03.547751,6.5,18.85829926
2022-04-03 14:57:14.077124,8.4,18.85754395
2022-04-03 14:57:24.510468,6.9,18.86130142
2022-04-03 14:57:34.892374,6.1,18.85924911
2022-04-03 14:57:45.323785,6.9,18.84372711
2022-04-03 14:57:55.790449,7.7,18.84609985
2022-04-03 14:58:06.213797,7.1,18.83168411
2022-04-03 14:58:16.653185,6.8,18.83384705
2022-04-03 14:58:27.094269,7.8,18.84075546
2022-04-03 14:58:37.548063,9.6,18.83651352
2022-04-03 14:58:48.110442,7.9,18.82789612
2022-04-03 14:58:58.490439,7.6,18.83095932
2022-04-03 14:59:08.940447,8.2,18.83666229
2022-04-03 14:59:19.363789,7.7,18.80589294
2022-04-03 14:59:29.793782,7.1,18.8431282
2022-04-03 14:59:40.238815,7.7,18.84544373
2022-04-03 14:59:50.658654,6.9,18.85224915
2022-04-03 15:00:01.096009,7.3,18.85238647
2022-04-03 15:00:11.516127,6.5,18.86073303
2022-04-03 15:00:21.977125,7.6,18.85533524
2022-04-03 15:00:32.390461,7.5,18.85231018
2022-04-03 15:00:42.900475,8.3,18.84542847
2022-04-03 15:00:53.360745,6.3,18.97345734
2022-04-03 15:01:03.767096,14.5,18.66344833
2022-04-03 15:01:14.270437,13.4,18.33797073
2022-04-03 15:01:24.680428,19.1,18.15991592
2022-04-03 15:01:35.133777,19.9,18.11895752
2022-04-03 15:01:45.837104,15,17.98442841
2022-04-03 15:01:56.243774,18.7,18.9172821
2022-04-03 15:02:06.660439,18.7,18.70505524
2022-04-03 15:02:17.127094,12.2,18.75158691
2022-04-03 15:02:27.557098,10.8,18.76866913
2022-04-03 15:02:37.999794,11.2,18.7739296
2022-04-03 15:02:48.465322,10.5,18.78424835
2022-04-03 15:02:58.927093,11.9,18.78306198
2022-04-03 15:03:09.377097,11.3,18.76812363
2022-04-03 15:03:19.900443,10.7,18.77671432
2022-04-03 15:03:30.303772,10.7,18.77251434
2022-04-03 15:03:40.717086,11.1,18.78330612
2022-04-03 15:03:51.210432,11.7,18.79421234
2022-04-03 15:04:01.600420,12,18.81147766
2022-04-03 15:04:12.077079,10.9,18.81311035
2022-04-03 15:04:22.517082,11.6,18.78292465
2022-04-03 15:04:32.963759,11.2,18.81163788
2022-04-03 15:04:43.447743,11.6,18.78927994
2022-04-03 15:04:53.890419,10,18.77494431
2022-04-03 15:05:04.337085,10.4,18.78152466
2022-04-03 15:05:14.850413,9.4,18.7718544
2022-04-03 15:05:25.343010,9,18.77564621
2022-04-03 15:05:35.813744,9.4,18.77111816
2022-04-03 15:05:46.322199,9.6,18.7749176
2022-04-03 15:05:56.803754,9.3,18.76742172
2022-04-03 15:06:07.268152,9.5,18.77018356
2022-04-03 15:06:17.743738,9.3,18.77054214
2022-04-03 15:06:28.177074,9.3,18.76347733
2022-04-03 15:06:38.663735,9,18.75239182
2022-04-03 15:06:49.293748,9,18.74212265
2022-04-03 15:06:59.765497,8.2,18.73266983
2022-04-03 15:07:10.230224,3.9,18.74856186
2022-04-03 15:07:20.747069,4,18.87015915
2022-04-03 15:07:31.172218,4.9,18.85692596
2022-04-03 15:07:41.583823,5.7,18.85930634
2022-04-03 15:07:52.021580,4.6,18.85677719
2022-04-03 15:08:02.490412,5.6,18.84901428
2022-04-03 15:08:12.903733,10.5,18.75439072
2022-04-03 15:08:23.347056,12.5,18.72566223
2022-04-03 15:08:33.750397,22.3,18.63165283
2022-04-03 15:08:44.200385,23.7,18.75724411
2022-04-03 15:08:54.587058,21.7,18.79371643
2022-04-03 15:09:05.043730,20.5,18.74963379
2022-04-03 15:09:15.500388,25,18.95487595
2022-04-03 15:09:25.920933,13.5,18.97012329
2022-04-03 15:09:36.353722,12.8,18.99243546
2022-04-03 15:09:46.767048,10.6,18.99876404
2022-04-03 15:09:57.180384,12.5,18.97258759
2022-04-03 15:10:07.585825,16.9,19.44794464
2022-04-03 15:10:18.030378,12.5,19.48289871
2022-04-03 15:10:28.470377,12.8,19.4767189
2022-04-03 15:10:38.897038,18.1,19.36832428
2022-04-03 15:10:49.433723,13.9,19.38192368
2022-04-03 15:10:59.873719,19.4,19.38119507
2022-04-03 15:11:10.294672,18.5,19.43199158
2022-04-03 15:11:20.746893,11.2,19.42921829
2022-04-03 15:11:31.179721,11.4,19.41340256
2022-04-03 15:11:41.620368,20.1,19.39051437
2022-04-03 15:11:52.243714,13.6,19.36174774
2022-04-03 15:12:02.687037,13.7,19.35703659
2022-04-03 15:12:13.137040,13.1,19.340065
2022-04-03 15:12:23.553694,12,19.35276794
2022-04-03 15:12:33.980369,12.3,19.35847855
2022-04-03 15:12:44.500362,13.4,19.3358345
2022-04-03 15:12:54.930363,15.4,19.33143616
2022-04-03 15:13:05.447497,21.9,19.24956894
2022-04-03 15:13:15.900360,12,19.30809021
2022-04-03 15:13:26.330361,18.5,19.12789917
2022-04-03 15:13:36.779095,16,19.32271576
2022-04-03 15:13:47.253686,8.8,19.3925705
2022-04-03 15:13:57.790362,15.5,19.27658463
2022-04-03 15:14:08.313693,17.7,19.28056717
2022-04-03 15:14:18.760372,12.6,19.32318878
2022-04-03 15:14:29.290865,13.1,19.36229324
2022-04-03 15:14:39.710351,11.1,19.34224319
2022-04-03 15:14:50.173683,12.1,19.34706497
2022-04-03 15:15:00.593694,12.1,19.34012222
2022-04-03 15:15:11.040347,10.8,19.34920502
2022-04-03 15:15:21.480348,11.6,19.34667969
2022-04-03 15:15:31.917021,10.8,19.35504532
2022-04-03 15:15:42.315325,13.5,19.34631348
2022-04-03 15:15:52.787022,12.4,19.35379791
2022-04-03 15:16:03.228809,12.9,19.36123657
2022-04-03 15:16:13.683938,12.5,19.36158752
2022-04-03 15:16:24.127011,12.2,19.36904907
2022-04-03 15:16:34.583675,11,19.31536102
2022-04-03 15:16:45.073686,12.2,19.28608704
2022-04-03 15:16:55.740333,10.8,19.29420471
2022-04-03 15:17:06.263685,11.3,19.28961945
2022-04-03 15:17:16.820338,12.6,19.28654861
2022-04-03 15:17:27.233836,12.3,19.2709465
2022-04-03 15:17:37.663677,11.8,19.25618362
2022-04-03 15:17:48.087006,11.3,19.27375793
2022-04-03 15:17:58.495157,12.3,19.27671814
2022-04-03 15:18:08.903221,12,19.28715134
2022-04-03 15:18:19.390345,11.3,19.29203033
2022-04-03 15:18:29.866014,11.4,19.28257751
2022-04-03 15:18:40.283668,12.1,19.18157959
2022-04-03 15:18:50.733678,9.8,19.19049454
2022-04-03 15:19:01.188173,18.1,18.84873581
2022-04-03 15:19:11.630330,13.1,18.8643074
2022-04-03 15:19:22.060329,13.5,18.89091873
2022-04-03 15:19:32.487002,11.4,18.87268066
2022-04-03 15:19:42.983647,15.6,18.85432434
2022-04-03 15:19:53.443052,12.8,18.88640213
2022-04-03 15:20:03.977001,15.7,18.82841873
2022-04-03 15:20:14.416995,10.4,18.85453796
2022-04-03 15:20:24.870316,16.8,18.91633987
2022-04-03 15:20:35.294598,10.9,18.99202347
2022-04-03 15:20:45.726983,20,18.78807068
2022-04-03 15:20:56.160318,18.4,18.94913864
2022-04-03 15:21:06.686981,16.7,18.90554428
2022-04-03 15:21:17.143651,15.9,18.91533661
2022-04-03 15:21:27.671094,13.9,18.94385147
2022-04-03 15:21:38.130320,15.6,18.95051193
2022-04-03 15:21:48.565540,13.2,18.92187119
2022-04-03 15:21:59.148638,14.1,18.97729111
2022-04-03 15:22:09.576065,14.2,19.01224518
2022-04-03 15:22:19.993636,14.2,19.01911545
2022-04-03 15:22:30.443634,13.6,18.85961533
2022-04-03 15:22:40.876976,15.1,18.74009705
2022-04-03 15:22:51.353643,16.3,18.59231567
2022-04-03 15:23:01.786968,17.3,18.38156891
2022-04-03 15:23:12.211315,10.2,18.48748779
2022-04-03 15:23:22.622290,5.9,18.50677109
2022-04-03 15:23:33.056987,7,18.55364609
2022-04-03 15:23:43.487047,6.9,18.55957794
2022-04-03 15:23:53.890307,5.6,18.56345749
2022-04-03 15:24:04.339444,6.2,18.56911469
2022-04-03 15:24:14.786961,5.8,18.56029129
2022-04-03 15:24:25.200292,5.8,18.56762314
2022-04-03 15:24:35.633628,6,18.54838181
2022-04-03 15:24:46.113627,7,18.56546021
2022-04-03 15:24:56.546957,6.2,18.54925537
2022-04-03 15:25:06.986955,5.7,18.55378342
2022-04-03 15:25:17.414639,5.6,18.55620956
2022-04-03 15:25:27.846979,6.1,18.5412941
2022-04-03 15:25:38.360288,6.2,18.53311157
2022-04-03 15:25:48.846955,5.8,18.53146362
2022-04-03 15:25:59.280283,5.1,18.53868484
2022-04-03 15:26:09.783627,5.6,18.5265274
2022-04-03 15:26:20.201160,7.5,18.63087463
2022-04-03 15:26:30.610276,5.8,18.65403366
2022-04-03 15:26:41.050278,6.3,18.63504028
2022-04-03 15:26:51.486942,5,18.64460754
2022-04-03 15:27:02.183621,5.3,18.63503647
2022-04-03 15:27:12.613609,5.4,18.62692261
2022-04-03 15:27:23.050334,5.3,18.63298416
2022-04-03 15:27:33.490276,7,18.59415817
2022-04-03 15:27:43.936956,14.1,18.49482727
2022-04-03 15:27:54.376952,15.2,18.51218033
2022-04-03 15:28:04.800283,8.9,18.53927994
2022-04-03 15:28:15.243605,9,18.54388046
2022-04-03 15:28:25.683598,10.9,18.50167465
2022-04-03 15:28:36.093597,14.3,18.4804039
2022-04-03 15:28:46.576933,9.6,18.47262192
2022-04-03 15:28:57.006933,9.6,18.48437881
2022-04-03 15:29:07.536571,8.8,18.46660995
2022-04-03 15:29:17.976944,8.8,18.4763298
2022-04-03 15:29:28.433619,15,18.3979187
2022-04-03 15:29:38.876947,11.2,18.43704605
2022-04-03 15:29:49.376933,11.9,18.47850418
2022-04-03 15:29:59.800268,8.2,18.4845314
2022-04-03 15:30:10.273586,9.1,18.47542953
2022-04-03 15:30:20.707506,8.5,18.46035004
2022-04-03 15:30:31.160250,7.6,18.47544098
2022-04-03 15:30:41.603597,8.3,18.47771072
2022-04-03 15:30:52.086913,7.9,18.48177719
2022-04-03 15:31:02.543578,7.8,18.4672966
2022-04-03 15:31:12.981992,7.7,18.47472
2022-04-03 15:31:23.417965,8,18.47109985
2022-04-03 15:31:33.960260,7.6,18.45820999
2022-04-03 15:31:44.390246,9.2,18.4683342
2022-04-03 15:31:54.814020,8.5,18.45934677
2022-04-03 15:32:05.440252,8.6,18.46712875
2022-04-03 15:32:15.906379,7.7,18.4569931
2022-04-03 15:32:26.324505,7.8,18.46948624
2022-04-03 15:32:36.773577,7.6,18.46671677
2022-04-03 15:32:47.290248,8.6,18.45135498
2022-04-03 15:32:57.793570,7.9,18.45298386
2022-04-03 15:33:08.220244,7.8,18.45713043
2022-04-03 15:33:18.683572,7.5,18.45093918
2022-04-03 15:33:29.110240,7.6,18.44892883
2022-04-03 15:33:39.583577,8,18.43628311
2022-04-03 15:33:50.006906,7.9,18.45461273
2022-04-03 15:34:00.457507,7.4,18.4348259
2022-04-03 15:34:10.894705,8.7,18.41226196
2022-04-03 15:34:21.320245,8,18.43268585
2022-04-03 15:34:31.870238,8.9,18.45287704
2022-04-03 15:34:42.286898,8.5,18.45079803
2022-04-03 15:34:52.783559,7.7,18.45996857
2022-04-03 15:35:03.223572,7.5,18.45824814
2022-04-03 15:35:13.657451,15.3,18.23255157
2022-04-03 15:35:24.227965,16.2,18.38722229
2022-04-03 15:35:34.650233,22.9,18.44041443
2022-04-03 15:35:45.090236,13.4,18.67453003
2022-04-03 15:35:55.513568,10.6,18.70681
2022-04-03 15:36:05.966423,10.9,18.70378494
2022-04-03 15:36:16.473579,10.9,18.73516846
2022-04-03 15:36:26.896894,9.9,18.69894028
2022-04-03 15:36:37.313561,10.4,18.70307922
2022-04-03 15:36:47.740225,10.1,18.68724823
2022-04-03 15:36:58.175911,16,18.64017487
2022-04-03 15:37:08.783588,13.8,18.62833023
2022-04-03 15:37:19.207711,10.8,18.66835403
2022-04-03 15:37:29.666892,15.4,18.60897064
2022-04-03 15:37:40.100218,15.4,18.62578583
2022-04-03 15:37:50.683549,13.5,18.61756516
2022-04-03 15:38:01.246880,11.2,18.65592957
2022-04-03 15:38:11.690219,12.6,18.65376282
2022-04-03 15:38:22.176870,12.7,18.62376022
2022-04-03 15:38:32.633549,12.4,18.59886169
2022-04-03 15:38:43.086888,16.5,18.63689423
2022-04-03 15:38:53.563533,12.7,18.6332016
2022-04-03 15:39:04.016877,11.4,18.64900208
2022-04-03 15:39:14.433537,9.7,18.63804245
2022-04-03 15:39:24.923533,14.2,18.57702255
2022-04-03 15:39:35.354546,17.5,18.48250198
2022-04-03 15:39:45.785776,15.4,18.50204086
2022-04-03 15:39:56.246865,18.8,18.53382874
2022-04-03 15:40:06.670205,13.7,18.58054733
2022-04-03 15:40:17.116886,9.3,18.58131027
2022-04-03 15:40:27.610207,9.6,18.5852623
2022-04-03 15:40:38.066870,10,18.58082962
2022-04-03 15:40:48.506856,9.7,18.58081818
2022-04-03 15:40:59.033538,9,18.56472015
2022-04-03 15:41:09.507887,9.5,18.557827
2022-04-03 15:41:19.970192,9.3,18.57388306
2022-04-03 15:41:30.393536,9.1,18.56077194
2022-04-03 15:41:40.809936,9.5,18.56654739
2022-04-03 15:41:51.306859,10,18.54536438
2022-04-03 15:42:01.743526,10.5,18.54442978
2022-04-03 15:42:12.283538,11.4,18.55832291
2022-04-03 15:42:22.725846,11.2,18.53408432
2022-04-03 15:42:33.159345,11.1,18.53996658
2022-04-03 15:42:43.590192,11.2,18.51259232
2022-04-03 15:42:53.990200,12.7,18.54798508
2022-04-03 15:43:04.433689,11.9,18.55926132
2022-04-03 15:43:14.860187,12.9,18.56705093
2022-04-03 15:43:25.286842,15.7,18.44446564
2022-04-03 15:43:35.706853,10,18.68811417
2022-04-03 15:43:46.155838,12,18.65789413
2022-04-03 15:43:56.810182,10.5,18.61831665
2022-04-03 15:44:07.346854,16.4,18.50859833
2022-04-03 15:44:17.786841,13.5,18.53237915
2022-04-03 15:44:28.246433,16.6,18.53656006
2022-04-03 15:44:38.690174,12.2,18.51829529
2022-04-03 15:44:49.163510,15.6,18.56784058
2022-04-03 15:44:59.693512,11.1,18.54298401
2022-04-03 15:45:10.133499,14.1,18.52063751
2022-04-03 15:45:20.636845,15.3,18.47946548
2022-04-03 15:45:31.093507,10.9,18.4658699
2022-04-03 15:45:41.533503,12.5,18.44799423
2022-04-03 15:45:51.983506,12,18.407547
2022-04-03 15:46:02.440183,11.1,18.36830521
2022-04-03 15:46:12.906839,10.5,18.37091064
2022-04-03 15:46:23.464452,10.8,18.55430603
2022-04-03 15:46:34.083501,12,18.56925583
2022-04-03 15:46:44.760157,12.6,18.56350327
2022-04-03 15:46:55.376817,12.9,18.58518219
2022-04-03 15:47:06.066818,11,18.59215927
2022-04-03 15:47:16.907529,10.7,18.55334854
2022-04-03 15:47:27.523490,16,18.54834366
2022-04-03 15:47:38.015873,12.2,18.55116272
2022-04-03 15:47:48.540155,9.8,18.56502533
2022-04-03 15:47:59.073485,9.6,18.5747261
2022-04-03 15:48:09.673499,10.1,18.55067444
2022-04-03 15:48:20.346811,10.2,18.55062103
2022-04-03 15:48:30.783485,9.8,18.55018997
2022-04-03 15:48:41.321563,10.2,18.53971481
2022-04-03 15:48:51.883484,9.4,18.53635788
2022-04-03 15:49:02.426815,10.3,18.56480026
2022-04-03 15:49:13.065339,9.7,18.5544548
2022-04-03 15:49:23.676818,9.5,18.57100677
2022-04-03 15:49:34.196816,9.8,18.57512283
2022-04-03 15:49:44.781919,10.6,18.55304718
2022-04-03 15:49:55.300137,9.4,18.54120255
2022-04-03 15:50:05.873211,9.3,18.53421402
2022-04-03 15:50:16.380135,9.8,18.53747177
2022-04-03 15:50:26.883468,9,18.54238892
2022-04-03 15:50:37.340135,9.8,18.52723312
2022-04-03 15:50:47.870127,9.3,18.5403595
2022-04-03 15:50:58.356798,10.4,18.53367615
2022-04-03 15:51:08.940131,9.1,18.53339386
2022-04-03 15:51:19.381004,10,18.53392029
2022-04-03 15:51:29.960146,9.6,18.53221512
2022-04-03 15:51:40.523461,10.5,18.53764725
2022-04-03 15:51:50.965782,10.1,18.52515411
2022-04-03 15:52:01.411590,9.8,18.52962112
2022-04-03 15:52:11.943459,9,18.52112198
2022-04-03 15:52:22.493473,8.6,18.50374603
2022-04-03 15:52:32.923464,9,18.48766708
2022-04-03 15:52:43.366888,10.1,18.97515869
2022-04-03 15:52:53.780070,9.9,18.99814606
2022-04-03 15:53:04.336790,10.3,19.02174759
2022-04-03 15:53:14.790119,9,19.0135994
2022-04-03 15:53:25.253454,9.2,19.0007782
2022-04-03 15:53:35.683467,8.8,19.01207733
2022-04-03 15:53:46.110120,11.6,18.99398804
2022-04-03 15:53:56.600119,10.4,18.99409103
2022-04-03 15:54:07.066786,10,18.98895264
2022-04-03 15:54:17.530114,10.6,18.97916794
2022-04-03 15:54:27.980119,10,18.99174118
2022-04-03 15:54:38.423441,9.3,18.96745682
2022-04-03 15:54:48.877585,10,18.98912048
2022-04-03 15:54:59.319249,9.8,18.99580765
2022-04-03 15:55:09.761306,9.1,19.00347137
2022-04-03 15:55:20.206778,9.5,18.98287964
2022-04-03 15:55:30.660116,10,18.96754074
2022-04-03 15:55:41.090237,9.7,18.92680359
2022-04-03 15:55:51.523453,9.2,18.89526749
2022-04-03 15:56:01.987614,9.8,18.871315
2022-04-03 15:56:12.410121,8.6,18.8421402
2022-04-03 15:56:22.841086,9.2,18.82823563
2022-04-03 15:56:33.276777,9,18.80775452
2022-04-03 15:56:43.730096,9.4,18.77294159
2022-04-03 15:56:54.166578,9.4,18.9917984
2022-04-03 15:57:04.583444,9.6,18.98876572
2022-04-03 15:57:15.016771,9.1,18.95510864
2022-04-03 15:57:25.616784,9.6,18.96723557
2022-04-03 15:57:36.050096,10.1,18.9687233
2022-04-03 15:57:46.576761,10.4,18.95078278
2022-04-03 15:57:57.040101,9.7,18.98424149
2022-04-03 15:58:07.473437,9.4,18.98015213
2022-04-03 15:58:18.033421,9.7,18.97590256
2022-04-03 15:58:28.483428,9.3,18.98243332
2022-04-03 15:58:38.926759,9.5,18.9559288
2022-04-03 15:58:49.375158,9.9,18.96869659
2022-04-03 15:58:59.846761,9.6,18.96007538
2022-04-03 15:59:10.286750,9.6,18.95724106
2022-04-03 15:59:20.774949,8.8,18.9382515
2022-04-03 15:59:31.223413,9.6,18.94733047
2022-04-03 15:59:41.646750,9.2,18.94602966
2022-04-03 15:59:52.076747,10.1,18.93529892
2022-04-03 16:00:02.500077,10,18.95545578
2022-04-03 16:00:12.950075,8.9,18.94962692
2022-04-03 16:00:23.386752,8.8,18.95387268
2022-04-03 16:00:33.826740,10.2,18.97439194
2022-04-03 16:00:44.263415,11.5,18.97577286
2022-04-03 16:00:54.693409,10.7,18.97011566
2022-04-03 16:01:05.136751,10.3,18.94880295
2022-04-03 16:01:15.596737,10,18.95251465
2022-04-03 16:01:26.000072,10.1,18.96395493
2022-04-03 16:01:36.425061,12,18.86135483
2022-04-03 16:01:46.863409,11.1,18.74980927
2022-04-03 16:01:57.306731,11.8,18.56971359
2022-04-03 16:02:07.863396,14,18.65904236
2022-04-03 16:02:18.296737,11.3,18.5367012
2022-04-03 16:02:28.880076,12.1,18.53891754
2022-04-03 16:02:39.340064,9.3,18.53536606
2022-04-03 16:02:49.786736,9.5,18.5353775
2022-04-03 16:03:00.226730,9.5,18.54952621
2022-04-03 16:03:10.733405,9.5,18.55417252
2022-04-03 16:03:21.176724,8.9,18.54811096
2022-04-03 16:03:31.691136,9.4,18.55359268
2022-04-03 16:03:42.240072,10.5,18.54024506
2022-04-03 16:03:52.713390,9.3,18.55495453
2022-04-03 16:04:03.164889,8.9,18.54279327
2022-04-03 16:04:13.600062,9.5,18.55157852
2022-04-03 16:04:24.090238,10.1,18.52617645
2022-04-03 16:04:34.550056,9.7,18.52841949
2022-04-03 16:04:44.993477,10,18.53668594
2022-04-03 16:04:55.483382,9.9,18.52009201
2022-04-03 16:05:05.978857,9.6,18.52641678
2022-04-03 16:05:16.406723,9.8,18.52106857
2022-04-03 16:05:26.870044,10.3,18.5054245
2022-04-03 16:05:37.290055,9.1,18.48501205
2022-04-03 16:05:47.728233,9.4,18.49850464
2022-04-03 16:05:58.210047,9.5,18.50623703
2022-04-03 16:06:08.643374,10.4,18.51884842
2022-04-03 16:06:19.073373,9,18.51705551
2022-04-03 16:06:29.513386,9.5,18.49559021
2022-04-03 16:06:39.960035,9.6,18.51122665
2022-04-03 16:06:50.413375,9.5,18.49261856
2022-04-03 16:07:00.873372,9.7,18.51211929
2022-04-03 16:07:11.430041,9.8,18.50390244
2022-04-03 16:07:21.880075,9.5,18.49605179
2022-04-03 16:07:32.490704,10,18.52565384
2022-04-03 16:07:42.980028,10.8,18.53321457
2022-04-03 16:07:53.430036,11.8,18.56046295
2022-04-03 16:08:04.000039,9.5,18.55771255
2022-04-03 16:08:14.443368,8.3,18.54821396
2022-04-03 16:08:24.866706,8.6,18.54363632
2022-04-03 16:08:35.286693,9.2,18.52903366
2022-04-03 16:08:45.703378,9.1,18.52295303
2022-04-03 16:08:56.174259,8.6,18.53078842
2022-04-03 16:09:06.643364,8.6,18.51975632
2022-04-03 16:09:17.143375,8.4,18.52156448
2022-04-03 16:09:27.586700,8.3,18.51073074
2022-04-03 16:09:38.043497,8.9,18.50078201
2022-04-03 16:09:48.467093,9.3,18.51713181
2022-04-03 16:09:58.910025,8.7,18.51436615
2022-04-03 16:10:09.456690,8.2,18.52101898
2022-04-03 16:10:19.893349,8.8,18.52140427
2022-04-03 16:10:30.370025,8.3,18.52059555
2022-04-03 16:10:40.826686,9.1,18.52146149
2022-04-03 16:10:51.280027,8.2,18.52535629
2022-04-03 16:11:01.730010,9.8,18.51595306
2022-04-03 16:11:12.286705,9,18.50675201
2022-04-03 16:11:22.716697,8.8,18.51628494
2022-04-03 16:11:33.149900,8.8,18.52338028
2022-04-03 16:11:43.677813,9,18.5084343
2022-04-03 16:11:54.282939,8.4,18.50275803
2022-04-03 16:12:04.714867,8.5,18.51008987
2022-04-03 16:12:15.243338,9.3,18.50270081
2022-04-03 16:12:25.706682,9,18.4944458
2022-04-03 16:12:36.330010,8.9,18.65314102
2022-04-03 16:12:46.873346,8.7,18.62112427
2022-04-03 16:12:57.343340,9,18.6315918
2022-04-03 16:13:07.849785,12.4,18.61457825
2022-04-03 16:13:18.282673,9.1,18.65024185
2022-04-03 16:13:28.843338,9.4,18.63898087
2022-04-03 16:13:39.316665,9.4,18.98029709
2022-04-03 16:13:49.763346,8.9,18.98119736
2022-04-03 16:14:00.189995,9.7,18.95665359
2022-04-03 16:14:10.690007,10.1,18.91455841
2022-04-03 16:14:21.216662,10.3,18.94398499
2022-04-03 16:14:31.630000,8.5,18.94566345
2022-04-03 16:14:42.136673,9.4,18.93963623
2022-04-03 16:14:52.743337,10.3,18.95193863
2022-04-03 16:15:03.193327,11.8,19.04808807
2022-04-03 16:15:13.713330,7.5,19.08352661
2022-04-03 16:15:24.179981,10.9,18.98019028
2022-04-03 16:15:34.619993,20.7,18.93326187
2022-04-03 16:15:45.059990,16.4,18.94920731
2022-04-03 16:15:55.513310,12.1,18.97008133
2022-04-03 16:16:05.943311,13.7,18.9459343
2022-04-03 16:16:16.393321,14.2,18.97599792
2022-04-03 16:16:26.826647,13.2,18.97955704
2022-04-03 16:16:37.291555,12.5,18.93193436
2022-04-03 16:16:47.763325,13.4,18.95099258
2022-04-03 16:16:58.209980,13.2,18.98095322
2022-04-03 16:17:08.683318,12.8,18.97582626
2022-04-03 16:17:19.196647,10.4,18.98397827
2022-04-03 16:17:29.685667,9.6,18.96635056
2022-04-03 16:17:40.296639,11.9,18.9660759
2022-04-03 16:17:50.723302,12.1,18.97065735
2022-04-03 16:18:01.249996,11.1,18.9752655
2022-04-03 16:18:11.763315,10.8,18.98814392
2022-04-03 16:18:22.189968,10.1,18.96160126
2022-04-03 16:18:32.606641,13.8,18.89873886
2022-04-03 16:18:43.056642,12.7,18.78088379
2022-04-03 16:18:53.486635,10.6,18.65903473
2022-04-03 16:19:03.947409,17,18.33070755
2022-04-03 16:19:14.379965,15.8,18.27967072
2022-04-03 16:19:24.879964,14.6,18.11753082
2022-04-03 16:19:35.290246,13.3,18.03069305
2022-04-03 16:19:45.743310,10.8,18.04014969
2022-04-03 16:19:56.169961,7.9,18.11831284
2022-04-03 16:20:06.679961,9.6,18.12221909
2022-04-03 16:20:17.136637,7.7,18.18374634
2022-04-03 16:20:27.586641,14,18.16984558
2022-04-03 16:20:38.039954,14,18.12645721
2022-04-03 16:20:48.476626,17.9,18.37837601
2022-04-03 16:20:58.933992,15.1,18.45489883
2022-04-03 16:21:09.436640,17.9,18.43711853
2022-04-03 16:21:19.876627,22.7,18.57582855
2022-04-03 16:21:30.293289,19.6,18.5116272
2022-04-03 16:21:40.820822,21.2,18.54978561
2022-04-03 16:21:51.273277,18.4,18.51974869
2022-04-03 16:22:01.726623,15.6,18.55670929
2022-04-03 16:22:12.179961,16.7,18.57626343
2022-04-03 16:22:22.609951,21.3,18.56668472
2022-04-03 16:22:33.076610,17.2,18.62957001
2022-04-03 16:22:43.686609,8.8,18.74568176
2022-04-03 16:22:54.131747,5.9,18.8039093
2022-04-03 16:23:04.689934,9.2,19.62739563
2022-04-03 16:23:15.089951,10.8,19.60219193
2022-04-03 16:23:25.516619,11.4,19.62115479
2022-04-03 16:23:35.936614,17.1,19.61439514
2022-04-03 16:23:46.369973,18.5,19.59900665
2022-04-03 16:23:56.819957,13.9,19.56753922
